date,open,high,low,close
2015-03-18,162.56,166.1,160,162.56
2015-03-19,162.1,168.76,161.54,160.57
2015-03-20,168.85,169,161.76,164.65
2015-03-23,164.42,167.24,167.41,166.7
2015-03-24,172.94,171.14,167.1,166
2015-03-25,167.29,164.16,163.1,165
2015-03-26,164.42,163.99,161.08,168.2
2015-03-27,163.64,163.7,166.08,162.6
2015-03-30,167.27,170.9,168.97,164.56
2015-03-31,168.41,167.1,167.2,165.8
2015-04-01,164.86,161.7,158.77,162.07
2015-04-02,159.77,162.62,165.31,166.18
2015-04-06,162.11,165,164.7,165.23
2015-04-07,165.51,166.74,166.05,169.86
2015-04-08,169.24,169.25,161.95,163.71
2015-04-09,161.9,165.16,161.38,163.19
2015-04-10,162.86,164.23,163.24,163.57
2015-04-13,168.66,171,165.85,170.05
2015-04-14,169.33,170.24,167.58,164.4
2015-04-15,167.87,172.01,163.8,167.26
2015-04-16,165.13,166.64,169.08,169.11
2015-04-17,169.18,165.26,165.07,161.22
2015-04-20,164.9,172.62,166,169.01
2015-04-21,166.38,175.04,168.85,166.65
2015-04-22,169.92,167,166.78,169.74
2015-04-23,167.93,179.51,169.01,175
2015-04-24,173.12,171.91,175.11,174.14
2015-04-27,179.1,173.78,170.3,178.31
2015-04-28,177.12,182.98,178.09,177.63
2015-04-29,176.4,177.21,176.3,177.8
2015-04-30,177.52,177.2,174.7,177.66
2015-05-01,181.3,181,177.1,176.15
2015-05-04,178.71,178.8,180.5,175.83
2015-05-05,180.64,174.87,178.73,181.13
2015-05-06,175.4,175.07,170.65,170.94
2015-05-07,172.31,178.61,170.24,174.06
2015-05-08,174.54,174.6,179.92,175.31
2015-05-11,179.84,178.63,176.93,179.12
2015-05-12,178.8,175.19,172.41,170.8
2015-05-13,175.28,176.88,177.36,178.88
2015-05-14,181.5,182.7,175.17,179.19
2015-05-15,175.94,181.91,174.2,180.98
2015-05-18,174.94,176.45,172.5,177.99
2015-05-19,173.17,179.34,174.55,179.69
2015-05-20,180.27,175.64,177.92,175.83
2015-05-21,177.65,178.71,177.98,177.93
2015-05-22,175.72,179.3,172.88,172.71
2015-05-26,179.83,178.3,173.94,171.09
2015-05-27,171.9,177.58,173.74,173
2015-05-28,177.01,172.19,173.1,180.28
2015-05-29,173.56,172.44,175.67,173.99
2015-06-01,171.99,171.97,170.74,171.64
2015-06-02,171.52,173.69,169.24,172.69
2015-06-03,171.3,178.76,170.52,170.49
2015-06-04,176.53,172.7,172.35,171.05
2015-06-05,174.54,172.95,173.9,173.7
2015-06-08,172.07,170.96,168.69,171.82
2015-06-09,170.79,166.77,171.47,173.13
2015-06-10,169.16,171.73,171.07,173.06
2015-06-11,172.31,171.65,171.35,169.65
2015-06-12,172.42,176.5,169.49,167.91
2015-06-15,165.73,169.54,169.37,173.99
2015-06-16,166.94,172.2,173.89,174.42
2015-06-17,174,173.48,167.2,170.09
2015-06-18,171.31,175.37,168.26,172.71
2015-06-19,171.92,175.71,174.04,171.88
2015-06-22,173.75,174.4,172.4,168.71
2015-06-23,175.25,175.02,171.4,171.37
2015-06-24,174.59,169,170.46,172.23
2015-06-25,169.3,171.03,167.48,170.9
2015-06-26,172.86,167.58,167.82,169.64
2015-06-29,165.75,171.4,166.75,165.29
2015-06-30,164.6,167,165.56,162.68
2015-07-01,165.89,172.52,164.8,167.61
2015-07-02,173.01,171.27,169.24,169.51
2015-07-06,167.48,173.04,164.45,166.31
2015-07-07,171.3,171.5,166.64,166
2015-07-08,171,171.64,166.09,164.85
2015-07-09,171.31,167.53,167.5,170.47
2015-07-10,169.65,167.6,171.67,170.35
2015-07-13,174.32,173.29,171.74,175.18
2015-07-14,175.06,171.67,173.11,171.16
2015-07-15,172.4,173.84,169,172.39
2015-07-16,174.74,171.56,172.68,179
2015-07-17,178.29,173.46,177.6,176.32
2015-07-20,177.96,181.16,177.47,174.51
2015-07-21,170.3,168.29,165.31,166.52
2015-07-22,164.8,166.44,163.9,167.17
2015-07-23,167.21,169,164.62,166.72
2015-07-24,165.62,166.02,161.88,163.82
2015-07-27,166,165.62,163.2,161.09
2015-07-28,166.21,164.03,160.4,164.38
2015-07-29,167,167,160.21,166.2
2015-07-30,166.9,162.1,162.74,163.39
2015-07-31,167.4,169.48,160.64,169.05
2015-08-03,165.1,169.31,159.5,159.82
2015-08-04,160,164.74,163.04,158
2015-08-05,159.9,159.56,164.45,165
2015-08-06,161.5,158.66,157.44,161.46
2015-08-07,159.06,161.47,155.71,161.38
2015-08-10,157.53,160.19,162.36,157.43
2015-08-11,161.55,162.76,156.19,155.99
2015-08-12,161.83,162.4,159.1,158.07
2015-08-13,161.11,162.94,158.24,158.43
2015-08-14,163,163.57,155.82,158.34
2015-08-17,160,158.69,161.2,162.19
2015-08-18,160.15,158.96,155.41,157.25
2015-08-19,157.42,157.15,159.73,159.01
2015-08-20,155.49,156.05,153.5,156.91
2015-08-21,153.1,160.11,150.3,155.94
2015-08-24,150.57,152.2,144.96,144.67
2015-08-25,147.39,154.04,142.65,146.02
2015-08-26,146.77,153.23,142.24,148.2
2015-08-27,153.6,155.85,150.67,151.25
2015-08-28,152.15,148.9,154.18,149.64
2015-08-31,151.13,152,148.03,151.38
2015-09-01,145.33,149.99,146.17,147.57
2015-09-02,145.87,148.08,147.16,147.58
2015-09-03,150.92,155.24,147.72,146.96
2015-09-04,145.69,151.6,145.39,149.2
2015-09-08,148.09,152.61,145.71,153.08
2015-09-09,154.12,151.53,150.62,145.26
2015-09-10,147.44,153.34,145.63,149.7
2015-09-11,152.33,152.3,146.85,149.61
2015-09-14,149.4,149.98,148.01,146.23
2015-09-15,149.2,152.97,152.88,153.63
2015-09-16,148.71,149.79,151.64,149.91
2015-09-17,151.8,155.17,151.6,153.31
2015-09-18,152.69,151.72,147.95,147.32
2015-09-21,150.75,153.91,146.76,148.22
2015-09-22,149.52,147.9,145.68,147.43
2015-09-23,150.12,151.03,149.55,144.54
2015-09-24,144,147.22,142.78,146.93
2015-09-25,148.65,152.38,145.99,147.74
2015-09-28,144.71,150.63,145.98,147.27
2015-09-29,144.99,143.45,141.16,145.64
2015-09-30,149.79,152.75,147.15,151.23
2015-10-01,146.84,148.27,145.34,146.18
2015-10-02,146.82,151.04,144.14,145.58
2015-10-05,147.46,151.94,152.99,149.84
2015-10-06,153.8,156.24,149.65,153.46
2015-10-07,157.23,155.64,151.22,154.75
2015-10-08,152.63,155.32,149.8,154.44
2015-10-09,154.96,155.3,155.97,156.79
2015-10-12,152.6,159.53,153.28,157.33
2015-10-13,157.85,158.25,155.71,153.86
2015-10-14,151,151.33,152.92,157.36
2015-10-15,151.24,158.41,148.75,154.85
2015-10-16,157.81,155.9,154.5,152.51
2015-10-19,151.61,156.39,150.62,152.44
2015-10-20,146.38,146.48,141.63,147.48
2015-10-21,143.66,147.87,143.4,143.78
2015-10-22,144.27,147.86,147.44,146.55
2015-10-23,145.57,146.01,150.1,146.48
2015-10-26,145.2,151,147.25,150.65
2015-10-27,146.56,145.86,142.91,144.48
2015-10-28,140.14,146.69,141.1,142.9
2015-10-29,144.85,146.44,142.75,143.94
2015-10-30,143.13,147.71,143.8,141.9
2015-11-02,146.2,141.77,146.25,142.07
2015-11-03,141.25,146.7,140.6,142.32
2015-11-04,142.63,147.07,143.8,145.28
2015-11-05,142.65,143.56,143.64,143.31
2015-11-06,143.8,146.35,144.12,139.16
2015-11-09,140,142.43,140.37,141.53
2015-11-10,137.04,136.33,134.71,141.48
2015-11-11,136.82,139.8,136.1,136.11
2015-11-12,140.3,141,137.6,139.33
2015-11-13,134.97,134,133.76,138.22
2015-11-16,134.36,136.38,132.21,134.58
2015-11-17,134.94,138.43,139.02,133.95
2015-11-18,134.9,137.85,138.56,137.77
2015-11-19,140.01,142.96,138.74,141.7
2015-11-20,143.57,143.68,143.17,140.9
2015-11-23,141.69,140.74,139.02,140.11
2015-11-24,140.35,144.84,142.07,143.8
2015-11-25,140.64,144.59,143.81,142
2015-11-27,140,142.67,141.9,142.16
2015-11-30,139.36,146.1,145.13,142.96
2015-12-01,143.45,141.9,142.43,141.99
2015-12-02,141.26,145.64,141.2,140.6
2015-12-03,145.6,141.66,143.69,145.57
2015-12-04,143.3,146.84,138.16,140.85
2015-12-07,144.92,143.11,144.02,142.26
2015-12-08,139.58,139.7,139.66,143.25
2015-12-09,138.17,142.44,137.32,143.18
2015-12-10,138.13,144.48,138.5,139.69
2015-12-11,138.48,140.34,135.32,138.98
2015-12-14,136.87,137.05,139.18,140.91
2015-12-15,137.5,143.62,143.75,143.88
2015-12-16,143.26,140.1,140.1,144.12
2015-12-17,144.54,143,141.04,137.01
2015-12-18,137.22,140.74,135.71,136.2
2015-12-21,138.75,138.31,138.03,141.9
2015-12-22,136.77,138.46,137.51,144.53
2015-12-23,144.2,141.52,143.71,142.97
2015-12-24,142.53,142.48,141.89,138.92
2015-12-28,139.83,140.82,140.52,141.83
2015-12-29,142.52,140.25,142.6,143.71
2015-12-30,143.44,144.15,146.08,145.13
2015-12-31,139.46,139.4,138.87,140.78
2016-01-04,137.9,138.2,140.75,139.05
2016-01-05,142.87,138.39,137.58,136.85
2016-01-06,136.03,139.02,133.68,138.16
2016-01-07,136.9,136.88,138.08,137.74
2016-01-08,139.36,137.02,135.07,136.59
2016-01-11,137.85,137.36,131.84,139.61
2016-01-12,138.18,139.99,136.9,133.6
2016-01-13,140,137.83,134.6,132.21
2016-01-14,137.28,134.56,135.79,133.39
2016-01-15,133.74,133.53,128.94,130.43
2016-01-19,131.78,132.5,131.16,130.96
2016-01-20,120.01,126.04,122,124.64
2016-01-21,125,126,120.63,128.82
2016-01-22,128.78,126.14,125.96,123.1
2016-01-25,123.2,124.85,123.8,124.39
2016-01-26,123.06,123.71,125.89,124.36
2016-01-27,127.32,125.52,121.37,121.44
2016-01-28,121.58,128.57,126.76,127.53
2016-01-29,125.05,127.39,128.69,125.68
2016-02-01,124.9,127.42,126.65,129.86
2016-02-02,125.99,124.25,128.7,124.82
2016-02-03,125.13,126.74,125.09,129.21
2016-02-04,126.1,134.7,127,130.26
2016-02-05,131.99,131.44,126.82,128.99
2016-02-08,128,132.12,125.92,129.74
2016-02-09,131.69,128.94,129.9,126.11
2016-02-10,130,130,125.57,125.07
2016-02-11,119.55,123.78,118.5,121.42
2016-02-12,124.86,125.48,122.97,124.76
2016-02-16,123.25,123.5,127.15,124.08
2016-02-17,125.06,127.59,128.25,131.7
2016-02-18,130,138,130.65,134.09
2016-02-19,132.43,137.68,134.83,135.67
2016-02-22,137.53,135.09,136.22,136.75
2016-02-23,139.76,134.22,134.73,135.1
2016-02-24,133.09,139.2,135.14,139.3
2016-02-25,134.14,136.83,137.42,140.3
2016-02-26,134.84,136.9,132.43,137.47
2016-02-29,138,133.66,136.6,133.96
2016-03-01,138.77,137.74,136.77,138.14
2016-03-02,135,137.89,137.42,141.1
2016-03-03,141.83,139.08,138.31,138.3
2016-03-04,140.09,144.54,140.98,139
2016-03-07,142.49,142.32,142.8,143.57
2016-03-08,143.47,142.41,141.65,140.82
2016-03-09,143.16,145.57,139.53,145.93
2016-03-10,143.55,142.22,143.56,146.11
2016-03-11,147.31,148.21,144.47,144.93
2016-03-14,145.58,149.66,145.34,145.64
2016-03-15,144.87,149.12,145.78,144.42
2016-03-16,148.68,147.66,142.11,150.02
2016-03-17,146.06,148.35,146.54,153.73
2016-03-18,151.1,147.86,151.24,150.37
2016-03-21,149.3,149.51,146.79,152.97
2016-03-22,148.89,150.64,149.3,151.4
2016-03-23,150,148.75,145.65,145.5
2016-03-24,147.82,148.86,147.19,154.15
2016-03-28,152.87,151.31,149.45,149
2016-03-29,150.52,155.16,154.1,150.07
2016-03-30,150.62,155.28,154.36,148.96
2016-03-31,154.79,154.3,155.17,152.46
2016-04-01,150.64,159.8,150.38,157.37
2016-04-04,152.67,160.62,152.27,156.59
2016-04-05,153.13,157.4,150.39,151
2016-04-06,152.2,156.59,151.97,155.78
2016-04-07,151.01,154.7,151,153.73
2016-04-08,154.17,151.68,154.46,149.44
2016-04-11,155.92,157.59,149.25,154.27
2016-04-12,151.81,152.98,155.98,152.87
2016-04-13,152.88,155.39,149.71,154.12
2016-04-14,158.9,156.36,153.8,152.22
2016-04-15,158.36,159.1,151.84,153.96
2016-04-18,157.6,155.11,154.8,158.2
2016-04-19,152.51,148.15,144.63,149
2016-04-20,148.18,152,150,152.86
2016-04-21,153.34,156.93,153.17,152.6
2016-04-22,152.95,155,149.2,149.2
2016-04-25,152.4,154.2,149,154.52
2016-04-26,155.1,150.33,152.9,153.75
2016-04-27,154.15,155.54,151.1,153.98
2016-04-28,151.41,154.55,153.45,148.28
2016-04-29,149.89,151.49,146.18,148.77
2016-05-02,147.85,150,146.12,150.12
2016-05-03,146.78,147.6,143.3,145.4
2016-05-04,149.25,148,145.54,150.82
2016-05-05,148.12,149.4,149.08,149.58
2016-05-06,147.04,152.69,145.26,150.35
2016-05-09,150.7,154.4,150.99,150.04
2016-05-10,154.44,150.31,148.86,155.14
2016-05-11,153.41,157.44,152.23,151.16
2016-05-12,155.1,150.5,149.13,152.14
2016-05-13,154.04,156.91,153.26,150.12
2016-05-16,149.34,151,151.41,150.53
2016-05-17,155.88,154.4,148.64,154
2016-05-18,149.16,154.56,148.19,150.58
2016-05-19,151.95,147.6,144.38,151.64
2016-05-20,152.06,152.12,151.91,151.88
2016-05-23,151.9,151.14,153.26,152.44
2016-05-24,152.98,151.6,149.39,148.73
2016-05-25,153.85,158.92,152.9,154.7
2016-05-26,157.54,159.29,155.97,159.19
2016-05-27,154.5,159.24,155.1,157.45
2016-05-31,154.61,156.62,157.64,158.06
2016-06-01,154,156.6,152.47,157.63
2016-06-02,153.14,154.1,156.69,160
2016-06-03,156.6,159.69,153.5,156.9
2016-06-06,155.3,161.16,153.81,158.99
2016-06-07,160.74,158.69,158.49,159.47
2016-06-08,154.82,156.55,154.35,161
2016-06-09,155.16,158.36,156.01,154.4
2016-06-10,157.68,159.92,152.87,159.69
2016-06-13,153.26,159,154.82,154.77
2016-06-14,158.12,155.85,156.4,152.64
2016-06-15,156.77,159.03,155.1,153.92
2016-06-16,154.69,153.05,153,156.08
2016-06-17,152.97,157.74,154.3,152.94
2016-06-20,158.4,161.63,156.64,160.07
2016-06-21,157.59,160.18,159.78,155.84
2016-06-22,158.9,161.39,153.74,154.57
2016-06-23,160.75,160.53,158.7,161.81
2016-06-24,152.07,151.54,153.31,152.8
2016-06-27,149.96,150.3,145.7,149.2
2016-06-28,145.47,148.06,149.12,152.4
2016-06-29,152.7,150.08,153.73,149.04
2016-06-30,151.56,155.11,151.87,156.49
2016-07-01,152.76,160.01,157.5,155.04
2016-07-05,153.84,159,153.71,153.93
2016-07-06,155.02,157.39,149.99,159.2
2016-07-07,152.9,159,156.39,154.9
2016-07-08,161,159.6,154.1,161.95
2016-07-11,156,156.69,158.9,158.25
2016-07-12,160,159.83,163.25,158.38
2016-07-13,162.41,161.08,161.45,159.09
2016-07-14,166.54,167.7,162.44,167.02
2016-07-15,162.5,162.47,161.5,166.08
2016-07-18,164,163.91,164.57,160.79
2016-07-19,161.91,169.25,157.93,166.25
2016-07-20,165.16,166.72,163.8,161.73
2016-07-21,165.74,163.38,165.23,161.48
2016-07-22,161.6,164.18,162.76,163.36
2016-07-25,167,166.37,167.27,167.59
2016-07-26,165.9,168.8,165.82,166.11
2016-07-27,168.39,170.65,163.05,166.14
2016-07-28,167.79,165.69,161.58,168.65
2016-07-29,163.44,169.21,163.32,167.56
2016-08-01,162.35,162.55,161,166.89
2016-08-02,166.53,166.49,167.11,167.32
2016-08-03,161.53,162.61,162.7,162.59
2016-08-04,167.6,164.6,162.01,169.58
2016-08-05,169,166.67,164.81,167.7
2016-08-08,165.93,171.04,165.25,169.78
2016-08-09,167.29,168.2,168.53,165.43
2016-08-10,166.78,168.88,165.43,166.01
2016-08-11,170.12,166.95,169.05,165.38
2016-08-12,165.06,164.43,166.3,169.37
2016-08-15,166.2,163.18,162.67,164.85
2016-08-16,164.72,164.87,165.1,161.7
2016-08-17,160.98,167.48,163.43,167.74
2016-08-18,168.28,162,161.51,161.75
2016-08-19,165.12,166.75,164.98,160.5
2016-08-22,167,164.79,164.8,166
2016-08-23,161.55,165.44,167.05,165.9
2016-08-24,161.48,164.78,160.45,159.87
2016-08-25,162,165.36,160.53,159.79
2016-08-26,165.38,164.79,162.83,162.13
2016-08-29,161.99,162.63,163.7,164.98
2016-08-30,164.31,166.24,166.64,162.3
2016-08-31,165.89,164.29,161.92,164.58
2016-09-01,161.8,160.91,159.3,166.26
2016-09-02,167.47,168.41,160.34,164.93
2016-09-06,163.53,164.74,163.27,168.1
2016-09-07,165.84,161.77,167,162.28
2016-09-08,160.67,162.45,164.2,162
2016-09-09,164.47,163.1,162.36,163.27
2016-09-12,157.36,158.96,159.38,159.37
2016-09-13,164.56,159.99,159.2,159.56
2016-09-14,160.2,156.7,156.99,160.37
2016-09-15,161.7,159.16,158.13,157.16
2016-09-16,157.02,159.7,156.28,155.34
2016-09-19,157.43,157.43,156.53,159.77
2016-09-20,161.83,157.75,159.94,156.67
2016-09-21,162.47,160.12,155.15,158.8
2016-09-22,160.04,164.18,160.28,162.35
2016-09-23,157.85,156.32,162.23,155.4
2016-09-26,156.51,159.43,159.94,161.16
2016-09-27,159.95,158.21,157.39,163.11
2016-09-28,158.02,165.26,163.32,165.71
2016-09-29,165.83,168,163.85,162.64
2016-09-30,160.5,162.92,159.14,165.3
2016-10-03,164.71,162.4,161.05,162.52
2016-10-04,164.75,164.19,158.42,160.26
2016-10-05,159.89,160.47,160.99,161.38
2016-10-06,160.95,161.84,158.96,157.21
2016-10-07,159.66,159.3,160.38,161.5
2016-10-10,161.65,160.64,163.88,164.54
2016-10-11,159.9,161.9,160.44,154.94
2016-10-12,161.04,157.34,155.19,157.9
2016-10-13,157.5,160.94,156.71,160.14
2016-10-14,156.51,159.19,154.39,159.62
2016-10-17,160.06,155.89,154.51,157.25
2016-10-18,151.28,156,148.7,154.27
2016-10-19,154.73,153.24,152.08,155.49
2016-10-20,158.79,155.4,152.75,156.68
2016-10-21,157.76,151.52,151.25,154.53
2016-10-24,155.6,156.36,152.6,151.41
2016-10-25,153.05,158.38,152.54,151.77
2016-10-26,157.36,155.76,156.17,156.26
2016-10-27,154.61,155,152.94,155.41
2016-10-28,155.15,160.08,157.74,158.66
2016-10-31,156.19,158,156.54,154.54
2016-11-01,161.1,160.05,157.6,159.38
2016-11-02,158.87,155.28,156.14,154.27
2016-11-03,156.59,154.43,153.9,154.23
2016-11-04,157.3,156.98,152.77,156.58
2016-11-07,159.94,159.92,158.27,161.87
2016-11-08,160.92,157.92,154.57,156.19
2016-11-09,153.6,161.63,154,161.95
2016-11-10,163.33,162.7,162.46,161.06
2016-11-11,164.74,165.7,164.86,167.81
2016-11-14,161.42,165.64,165.42,162.15
2016-11-15,163.45,166.33,163.22,165.64
2016-11-16,160.92,167.45,163.32,164.84
2016-11-17,165.7,162.7,160.19,163.4
2016-11-18,161,166.3,159.25,163.4
2016-11-21,166.39,168,160.56,167.67
2016-11-22,167,170,165.9,165.78
2016-11-23,169.33,166.74,165.36,163.29
2016-11-25,163.95,168.95,164.75,170.56
2016-11-28,170.9,166.85,163.4,165.39
2016-11-29,170,170.8,170.96,167.91
2016-11-30,168.26,167.3,167.57,170.11
2016-12-01,163.71,168.9,163.2,164.09
2016-12-02,163,166.95,162.5,164.67
2016-12-05,162.75,169.03,164.09,166.08
2016-12-06,167.95,162.87,164.58,164.04
2016-12-07,160.8,169.84,161.04,169.69
2016-12-08,169.53,167,170.71,172.99
2016-12-09,167.59,173.71,172,168.3
2016-12-12,173.16,172.42,172.52,171.6
2016-12-13,167.43,177.35,173.4,171.42
2016-12-14,173.07,174.86,174.81,175.91
2016-12-15,171.53,170.57,173.39,171.57
2016-12-16,171.01,169.42,172.14,174.7
2016-12-19,167.83,173.94,168,170.02
2016-12-20,167.8,174.85,168.68,170.6
2016-12-21,170.36,168.13,172.86,168.07
2016-12-22,170.58,169.44,174.79,174.02
2016-12-23,175,169.63,174.73,167.91
2016-12-27,174.63,170.97,174.62,172.24
2016-12-28,172.99,172.77,166,172.03
2016-12-29,170.21,173.61,174,170.9
2016-12-30,169.83,168.4,169.8,171.41
2017-01-03,171,171.52,169.02,172.62
2017-01-04,173.39,177.95,173.6,175.5
2017-01-05,170.98,177.32,170.34,170.3
2017-01-06,176.27,175,172.84,177.48
2017-01-09,170.33,170.2,172.43,169.49
2017-01-10,172.74,176.24,170.15,168.11
2017-01-11,168.83,169.72,168.3,169.98
2017-01-12,168.48,170.88,170.42,170.88
2017-01-13,169.21,173.23,171.78,173.34
2017-01-17,168.84,176.34,174.35,169.75
2017-01-18,169.27,171.06,171.8,171.3
2017-01-19,171.08,167.97,170.8,169.69
2017-01-20,169.69,174.1,174,176.18
2017-01-23,177.81,173.19,172.22,171.91
2017-01-24,171.6,179,173.24,181.7
2017-01-25,184.95,182.1,176.46,182.45
2017-01-26,181.66,182.3,185.04,181.28
2017-01-27,184.2,186,184.8,184.7
2017-01-30,178.85,179.06,183.28,179.7
2017-01-31,183.67,181.84,174.62,178.98
2017-02-01,181,178,178.29,174.9
2017-02-02,182.26,183.25,176.6,180.32
2017-02-03,180,179.99,183.39,181.22
2017-02-06,177.52,178.19,182.7,177.97
2017-02-07,185,183.82,183,183.74
2017-02-08,179.9,178.7,179.52,178.86
2017-02-09,184.08,185.6,181.47,186.07
2017-02-10,182.63,185.11,183.49,187.37
2017-02-13,179.84,184,180,181
2017-02-14,181.2,186.91,182.33,189.13
2017-02-15,185.2,185.5,188.16,181.69
2017-02-16,189.79,188.13,184.11,184.9
2017-02-17,188.66,183.33,184,185.89
2017-02-21,182.3,184.2,183.89,180.53
2017-02-22,186.06,187,180.45,188.46
2017-02-23,188,188.3,181.12,186.45
2017-02-24,187.43,182.76,185.67,182.24
2017-02-27,187.59,184.04,179.9,186.6
2017-02-28,187.31,186.14,180.36,186
2017-03-01,183.15,190.53,182.17,184.96
2017-03-02,182.33,184.33,180.73,186.86
2017-03-03,188.1,186.05,180.18,188.31
2017-03-06,179.95,183.14,183.46,186.12
2017-03-07,186.03,182.65,187.5,185.33
2017-03-08,183.93,186.29,181.5,185.47
2017-03-09,183.71,181.49,180.85,182.9
2017-03-10,179.27,187.79,180.28,185.69
2017-03-13,185.71,182.85,178.92,181.33
2017-03-14,181.66,178.59,183.66,178.64
2017-03-15,181.93,180.34,182.86,181.26
2017-03-16,185.99,184,179.97,179.57
2017-03-17,178.4,181.63,178.74,181.26
2017-03-20,181.63,183.64,183.55,176.2
2017-03-21,184.67,179.95,174.9,180.99
2017-03-22,180.68,180.06,179.4,181.48
2017-03-23,177.36,177.92,174.66,182.04
2017-03-24,178.75,178,181.62,181.98
2017-03-27,176.91,177.58,172.85,178.7
2017-03-28,177.32,177,175,179.69
2017-03-29,176,178.16,174.84,182.49
2017-03-30,179.17,180.06,182,176.75
2017-03-31,177.54,180.72,176.9,177.85
2017-04-03,180.24,178.51,177.56,174.7
2017-04-04,179.56,177.78,181.47,183.24
2017-04-05,178.5,182.19,173.69,180.23
2017-04-06,179.81,180.84,175.03,178.95
2017-04-07,177.54,178.39,178.01,177.49
2017-04-10,177.1,172.63,175,172.7
2017-04-11,174.04,178,172.93,176.94
2017-04-12,179.01,178.7,176.09,177.33
2017-04-13,176.65,178.67,171.13,173.35
2017-04-17,176.34,179.2,170.74,171.8
2017-04-18,177.71,174.67,171.7,174.06
2017-04-19,169.36,164.76,162.1,161.91
2017-04-20,165.52,166.6,165.1,169.3
2017-04-21,163.44,165.39,163.02,167.73
2017-04-24,168.73,166.94,166.98,163.99
2017-04-25,166.89,165.7,167.97,165.02
2017-04-26,162.45,163.5,160.85,168.05
2017-04-27,162.44,162.27,163.11,163.51
2017-04-28,163.3,167,163.2,165.12
2017-05-01,162.31,166.31,163.3,162.34
2017-05-02,160.37,164.87,160.77,162.2
2017-05-03,163.91,163.79,164.23,161.29
2017-05-04,163.35,159.67,163.27,165.69
2017-05-05,157.2,157.86,156,157.58
2017-05-08,153.6,153.97,152.7,153.54
2017-05-09,160,158.3,154.1,157.02
2017-05-10,153.35,157.94,157.79,154.27
2017-05-11,151.92,153.27,153.1,153.7
2017-05-12,151.8,153.97,152,156.97
2017-05-15,152.63,156.97,151.62,157.21
2017-05-16,158.13,157.26,155.62,160.36
2017-05-17,156.9,154.96,154.49,151.21
2017-05-18,157.36,151.58,153.22,156.14
2017-05-19,156.94,156.52,158.42,157.52
2017-05-22,154.5,153.04,151.6,155.58
2017-05-23,154.91,153.97,154.05,157.93
2017-05-24,153.48,158.19,153.79,160.02
2017-05-25,155.25,158.03,154.66,156
2017-05-26,159.39,160,154.36,158.05
2017-05-30,156.15,160.09,155.55,155.9
2017-05-31,159.6,154.9,157.05,155.17
2017-06-01,158.2,160.37,158.93,160.09
2017-06-02,154.63,155.7,157.6,157.34
2017-06-05,156.93,156.78,156.4,155.72
2017-06-06,157,154.26,153,157.51
2017-06-07,156.66,155.4,156.7,153.55
2017-06-08,154,156.19,154.36,155.2
2017-06-09,157,160.26,152.63,161.1
2017-06-12,155.18,158.9,157.81,160.03
2017-06-13,156.67,157.05,159.69,156.76
2017-06-14,161.6,160.51,157.49,158.77
2017-06-15,155.73,156.62,157.09,154.86
2017-06-16,155.26,158.69,157.56,161.36
2017-06-19,162.44,159.06,155.91,159.25
2017-06-20,157.73,157.73,159.82,161.66
2017-06-21,162.14,161.84,154.03,156.26
2017-06-22,159.31,159.74,155.24,161.8
2017-06-23,159.51,160.87,154.8,159.46
2017-06-26,159.35,160.81,162.2,158.85
2017-06-27,162,158.7,156.4,157.97
2017-06-28,158.92,159.66,155.17,155.94
2017-06-29,155.41,161.49,156.39,154.83
2017-06-30,158.47,158.4,160.5,159.18
2017-07-03,157.16,161.54,153.9,158.55
2017-07-05,160.6,156.07,159.68,157.77
2017-07-06,156.83,158.17,156.13,157.98
2017-07-07,156.94,158.58,157.08,153.82
2017-07-10,157.27,156.81,156.05,156.36
2017-07-11,157.77,156.87,154.1,160.16
2017-07-12,155.46,154.62,154.88,155.8
2017-07-13,160.1,159.35,159.05,158.07
2017-07-14,158.56,159.27,156.4,161.59
2017-07-17,157.8,156.05,158.13,158.44
2017-07-18,155.65,154.94,157,155
2017-07-19,156.56,150.71,149,148.96
2017-07-20,150.54,149.57,151.96,152.11
2017-07-21,151.38,154.41,147.38,147.53
2017-07-24,154,149.41,149.1,146.74
2017-07-25,152.29,148.94,148.65,146.24
2017-07-26,149.55,149.45,150.05,149.94
2017-07-27,149,149.7,144.7,151.39
2017-07-28,151.05,147.73,148.99,149.6
2017-07-31,150.71,145.42,146.11,147.28
2017-08-01,150,151.97,147.94,149
2017-08-02,150.65,149.38,149.66,147.68
2017-08-03,148.59,149.99,147.3,149.06
2017-08-04,150,149.76,145.4,152.35
2017-08-07,145,152.34,145.42,146.31
2017-08-08,144,146.47,144,142.56
2017-08-09,144.69,142.29,147.81,143.84
2017-08-10,145.03,144.11,146.33,141.99
2017-08-11,146.06,148.61,142.6,144.65
2017-08-14,143,147.73,148.07,143.99
2017-08-15,142.89,150.14,141.94,146.23
2017-08-16,143.3,147.89,142.27,147.6
2017-08-17,146.74,144.35,143.7,142.7
2017-08-18,141.92,143.29,139.77,144.3
2017-08-21,142.46,145.81,145.37,140.72
2017-08-22,145.66,147.51,146.5,145.7
2017-08-23,142.9,149.08,146.96,148.53
2017-08-24,144.8,143.88,144.73,146.02
2017-08-25,147.6,149.23,144.14,147.47
2017-08-28,144.39,145.3,146.62,143.6
2017-08-29,147.3,148.65,146.6,150.26
2017-08-30,148.86,143.82,143.39,146.42
2017-08-31,144.76,150.14,143.13,143.14
2017-09-01,145.58,144.9,144.47,150.65
2017-09-05,145.8,150.18,143.1,145.67
2017-09-06,148.69,146.54,147.2,145.6
2017-09-07,149.8,151.82,142.5,144.9
2017-09-08,150.08,145.04,148.08,144.14
2017-09-11,147.83,152.08,143.09,150.07
2017-09-12,150.3,148.95,149.24,146.48
2017-09-13,151.43,146.6,147.96,153.26
2017-09-14,145.97,151.9,146.6,146.81
2017-09-15,149.59,151.42,144.17,150.93
2017-09-18,149.03,145.58,149.34,149.75
2017-09-19,146.89,145.14,145.17,144.99
2017-09-20,151.54,148.68,151.36,148.27
2017-09-21,150.31,145.91,149,150.52
2017-09-22,149.21,150.05,145.8,151.08
2017-09-25,152,151.48,149.77,145.94
2017-09-26,148.52,152.31,146.25,153.84
2017-09-27,151.51,152.9,150.52,150.83
2017-09-28,148.97,148.11,149.14,150.88
2017-09-29,147.13,148.59,150.86,148.83
2017-10-02,150.06,150.82,145.7,149.04
2017-10-03,147.04,153.3,147.14,151.77
2017-10-04,153,152.59,153.3,148.07
2017-10-05,149.09,150.15,151.84,147.5
2017-10-06,149.99,151.75,151.43,147.03
2017-10-09,150.9,153.78,147.12,149.21
2017-10-10,151.43,155.49,154.45,151.1
2017-10-11,153,152.86,147.79,148.3
2017-10-12,148.86,149.48,153.09,149.57
2017-10-13,153.4,152.45,152.12,152.7
2017-10-16,153.31,153.81,153.27,153.47
2017-10-17,152.23,154.47,148.64,151.09
2017-10-18,159.16,165.83,163.59,164.53
2017-10-19,166.3,161.84,166.96,168.6
2017-10-20,161.58,168.51,162.38,165.41
2017-10-23,163.58,162.57,162.17,163.88
2017-10-24,160.95,167.7,157.16,156.38
2017-10-25,163.28,159.04,159.16,153.9
2017-10-26,158.47,162.05,157.63,159
2017-10-27,160.65,155.28,157.31,160.44
2017-10-30,160.2,160.12,158.71,158.05
2017-10-31,156.02,157.45,159.1,156.47
2017-11-01,155.5,158.4,156.76,155.91
2017-11-02,161.39,159.07,156.1,157.16
2017-11-03,153.54,154.25,155.55,158.71
2017-11-06,152.42,156.37,155.53,155.32
2017-11-07,152.13,158.96,156.8,157.8
2017-11-08,158.2,153.18,152.85,153.92
2017-11-09,155.81,152.3,156.77,157.5
2017-11-10,151.81,152.34,156.3,155.81
2017-11-13,155.71,151,149.35,149.2
2017-11-14,152.75,151.56,153.08,150.78
2017-11-15,153,149.57,153.09,151.6
2017-11-16,150.86,150.35,154.2,152.93
2017-11-17,154.17,150.75,155.57,152.66
2017-11-20,156.62,153.64,153.8,154.47
2017-11-21,158.2,152.8,153.1,154.93
2017-11-22,158,156.42,155.6,159.01
2017-11-24,156.11,153,157.08,159.17
2017-11-27,156.64,156.83,156.47,156.59
2017-11-28,152.58,159.17,155.4,156.26
2017-11-29,158.29,160.09,156.04,158.5
2017-11-30,154.46,155.46,155.24,156.31
2017-12-01,157.6,161.47,160.55,156.45
2017-12-04,160.47,163.6,159.07,158.15
2017-12-05,161.67,158.75,162.05,159.97
2017-12-06,163.12,157.77,154.46,154.8
2017-12-07,157.25,157.21,154.77,159.3
2017-12-08,157.91,161.03,156.81,154.92
2017-12-11,157.66,157.41,159.46,159.57
2017-12-12,155.5,164.03,155.94,161.9
2017-12-13,160.1,162.75,157.42,160.86
2017-12-14,159.8,162.36,158.6,156
2017-12-15,157.6,154.9,158.44,159.5
2017-12-18,156.55,155.31,156.12,157.82
2017-12-19,155.72,154.8,159.76,159.21
2017-12-20,158.04,155.84,155.12,157.62
2017-12-21,158.28,158.81,157.24,151.9
2017-12-22,159.07,159,151.9,153.3
2017-12-26,158.61,161.02,157.1,158.59
2017-12-27,158.79,158.77,155.16,160.7
2017-12-28,154.1,159.22,157.1,157.26
2017-12-29,157.86,155.86,155.98,154.86
2018-01-02,155.5,159.27,156.92,159.25
2018-01-03,162.07,164.5,160.81,164.81
2018-01-04,161.17,166.9,165.73,168.2
2018-01-05,168.36,168.2,162.6,162.85
2018-01-08,165.76,164.15,164.6,164.41
2018-01-09,170.9,164.74,163.79,167.09
2018-01-10,164.11,169.07,163.7,167.32
2018-01-11,169.9,173.18,168.8,164.2
2018-01-12,167.03,166.89,166.69,168.68
2018-01-16,173.1,166.79,165.34,164.38
2018-01-17,174.4,176.69,174.73,169.29
2018-01-18,174,175.08,173.34,176.42
2018-01-19,165.94,169,164.4,162.98
2018-01-22,162.71,164.43,164.14,162.7
2018-01-23,165.81,168.45,167.7,169.3
2018-01-24,171.88,170.41,170.7,165.96
2018-01-25,171.28,172.41,170.2,171.36
2018-01-26,173.49,169.47,169.7,173
2018-01-29,172.25,176.71,172.47,166.9
2018-01-30,171.99,170.84,169.97,165.95
2018-01-31,167.56,170.19,164.62,166.6
2018-02-01,164.49,171.65,166.4,166.2
2018-02-02,168.5,169,164.73,166.73
2018-02-05,165.12,163,151,155.33
2018-02-06,153.94,158.85,152.67,161.77
2018-02-07,160.48,159.22,154.35,159.21
2018-02-08,154.31,159.52,153.1,150.02
2018-02-09,152.8,156.84,144.5,151.01
2018-02-12,155.2,157.2,150.8,156.1
2018-02-13,151.3,153.92,155.87,153.82
2018-02-14,156.35,156,154,161.44
2018-02-15,163,160.86,157.3,158.3
2018-02-16,162.83,164.19,163.33,160.64
2018-02-20,158.67,162.14,154.53,155.48
2018-02-21,160.7,162.1,160.4,160.41
2018-02-22,160.8,158.61,152.91,154.51
2018-02-23,154.8,158.88,155.11,156.01
2018-02-26,162.73,163.83,163.27,165.94
2018-02-27,160.64,161.77,164.26,157.35
2018-02-28,158.3,161.36,162.3,161.57
2018-03-01,159.91,161.04,156.38,155.09
2018-03-02,154.73,159.49,157.99,156.91
2018-03-05,156.1,159.89,155.24,162.63
2018-03-06,160.32,160.28,160.65,160.48
2018-03-07,156,159.92,157.34,159.69
2018-03-08,161,162.26,157.78,159.96
2018-03-09,158.66,166.43,158.2,162.44
2018-03-12,161.66,161.41,164.35,162.52
2018-03-13,166.57,165.82,163.76,163.04
2018-03-14,160.37,163.59,160.96,159.95
2018-03-15,159.89,166.07,159.3,163.54
2018-03-16,161.37,170.05,167.55,165.5
2018-03-19,162.95,165.37,158.58,165.17
2018-03-20,162.23,165.71,158.29,157.3
2018-03-21,163.11,160.6,163.7,159.9
2018-03-22,162,158.63,158,156.64
2018-03-23,154.86,159.76,150.09,156.17
2018-03-26,154.96,155.56,152.05,159.82
2018-03-27,154.81,157.55,151.46,156.99
2018-03-28,153.32,156.82,157,159.82
2018-03-29,154.79,154.83,154.25,160.21
2018-04-02,160.94,157.47,154.84,155.64
2018-04-03,151.5,156,155.2,152.75
2018-04-04,151.04,157.29,150.25,159.37
2018-04-05,157.34,161.6,155.62,156.88
2018-04-06,154.73,160.07,153.27,155.32
2018-04-09,154.9,158.45,154.44,159.66
2018-04-10,158.62,157.1,162.43,160.86
2018-04-11,157.92,158.74,158.42,158.08
2018-04-12,163.9,164.29,156.93,158.12
2018-04-13,163.44,159.88,162.64,161.79
2018-04-16,158.33,165.4,158.36,162.55
2018-04-17,159.55,164,162.93,164.11
2018-04-18,152.78,158.28,150.45,154.53
2018-04-19,153.85,150.99,148.98,150.8
2018-04-20,152.4,149.81,149.4,145.7
2018-04-23,146.48,150.7,149.08,148.9
2018-04-24,153.63,154,145.07,152.5
2018-04-25,149.76,151.9,149.59,148.69
2018-04-26,151.4,152.98,146.9,150.81
2018-04-27,152.77,150.4,150.27,151.32
2018-04-30,148.56,154.26,150.58,149.03
2018-05-01,149.31,148.64,145.36,148
2018-05-02,145.59,148.53,144.43,143.84
2018-05-03,146.85,145.4,140.2,142.22
2018-05-04,142.5,146.63,145.25,148.1
2018-05-07,149,144.69,144.64,143.77
2018-05-08,145,143.64,142.63,149
2018-05-09,147.1,145.12,143.84,142.66
2018-05-10,143.3,144.93,145.44,147.12
2018-05-11,149.82,145.39,144.36,149.69
2018-05-14,148.23,151.31,149.08,148.6
2018-05-15,144,144.4,146.3,144.72
2018-05-16,148.7,146.77,150.22,146.99
2018-05-17,145.5,147.79,146.3,148.2
2018-05-18,148.21,150.6,144.51,149.98
2018-05-21,149.8,150.12,147.87,151.61
2018-05-22,152.01,149.5,149,145.88
2018-05-23,149.77,150,144.48,146.06
2018-05-24,150.99,146.64,144.55,147.12
2018-05-25,146.6,144.65,145.44,146.86
2018-05-29,147.37,145.26,144.56,144.83
2018-05-30,148.1,148.1,141.93,146.43
2018-05-31,143.15,144.06,147.47,141.86
2018-06-01,146.29,143.44,147.61,148.55
2018-06-04,143,146.65,146.51,149.49
2018-06-05,144.88,149.99,144.17,145.5
2018-06-06,149.18,146.47,150.24,150.83
2018-06-07,151,153.4,151.34,148.68
2018-06-08,149,152.99,151.55,152.25
2018-06-11,147.13,152.37,146.72,147.68
2018-06-12,149.3,152.26,148.41,147.33
2018-06-13,149.44,147.64,151.8,148.69
2018-06-14,152.65,151,146.92,150
2018-06-15,148.1,146.38,148,151.88
2018-06-18,150.05,145.21,143.22,145.17
2018-06-19,144.48,146.23,146.36,144
2018-06-20,148.65,148.6,144.72,146.02
2018-06-21,149.56,143.96,145.83,145.66
2018-06-22,148.34,144.98,143.9,146.82
2018-06-25,142.9,141.3,144.41,144.92
2018-06-26,141.32,143.76,141.74,141.47
2018-06-27,141.87,141.18,142.91,143.5
2018-06-28,139.1,140.79,142.99,145.34
2018-06-29,146.67,145.83,142.79,144.5
2018-07-02,138.92,143.63,144,143.79
2018-07-03,142.82,142.91,143.46,144.97
2018-07-05,146.72,147.7,146.58,142.7
2018-07-06,145.71,149.09,147.5,147.78
2018-07-09,148.82,147.69,149.36,147.41
2018-07-10,149.11,151.85,149.48,149.73
2018-07-11,147,150.04,149,146.94
2018-07-12,150.76,151.39,148.76,152.08
2018-07-13,148.49,152.84,150.3,146
2018-07-16,149.24,151.75,145.78,145.72
2018-07-17,147.24,149,144.42,147.61
2018-07-18,149.52,151.9,147.63,150.86
2018-07-19,154.43,153.92,148.52,152.98
2018-07-20,149.9,150.22,149.48,148.49
2018-07-23,151.75,150.8,150.45,152.1
2018-07-24,149.4,149.37,147.91,151.49
2018-07-25,147.94,149.34,150.5,149.36
2018-07-26,154.54,154.25,151.08,151.85
2018-07-27,153.8,153.62,146.5,146.67
2018-07-30,151.4,149.34,146.81,146.16
2018-07-31,145.93,151.9,146.04,145.96
2018-08-01,148.21,146.91,149.89,149.6
2018-08-02,145.23,147.29,146.98,145.73
2018-08-03,144.64,153.15,148,150
2018-08-06,147.43,151.9,149.9,147.08
2018-08-07,152.95,152.33,150.49,153.03
2018-08-08,151.68,153.44,149.57,153.83
2018-08-09,152.34,149.16,148.59,150.54
2018-08-10,145.6,148.53,147.68,147.66
2018-08-13,150.27,146.4,146.96,146.38
2018-08-14,146,146.54,144.25,147.93
2018-08-15,149.02,148,143,148.06
2018-08-16,144.63,151.85,147.94,146.77
2018-08-17,150.6,146.81,151.19,152.57
2018-08-20,152.99,150.7,146.99,149.49
2018-08-21,148,148.71,147.76,148.34
2018-08-22,149.74,153.1,145.6,145.85
2018-08-23,145.72,147.7,148.27,150.54
2018-08-24,147.98,152.3,149.65,152.75
2018-08-27,150.53,154.14,153.51,152.35
2018-08-28,151.92,151.97,152.9,153.09
2018-08-29,153.02,154.56,149.5,154
2018-08-30,147.5,148.1,148.6,151.7
2018-08-31,147.23,152.08,150.05,148.9
2018-09-04,152.86,148.91,146.87,147.16
2018-09-05,149.99,150.79,148.4,152.38
2018-09-06,150.81,149.31,150.45,153.19
2018-09-07,150.08,148.2,147.64,148.17
2018-09-10,149,148.4,147.63,149.18
2018-09-11,153,147.99,151.79,150.01
2018-09-12,146.89,148.52,148.92,149.98
2018-09-13,152.11,155,152,155.07
2018-09-14,151.37,152,152.94,155.62
2018-09-17,151.26,151.89,150.49,150.44
2018-09-18,147.9,153.84,147.57,154.13
2018-09-19,154.6,150.57,150.66,152.63
2018-09-20,152.34,151.45,151.54,157.99
2018-09-21,154.04,156.7,157.87,156.98
2018-09-24,152.4,156.1,155.36,157.53
2018-09-25,152.35,151.69,151.86,151.75
2018-09-26,158.1,154.54,153.99,156.68
2018-09-27,156.92,153.15,156.42,154.3
2018-09-28,156.11,152.12,157.54,152.29
2018-10-01,157.05,159.9,156.89,154
2018-10-02,156.14,158.3,157.3,155.8
2018-10-03,159,159.27,155.2,154.26
2018-10-04,154.46,157.7,155.9,152.12
2018-10-05,155.4,152.02,150.93,151.36
2018-10-08,148.8,152.58,154.48,153.09
2018-10-09,152.44,151.43,149.35,149.49
2018-10-10,149.6,149.56,142.6,145.4
2018-10-11,146.81,144.92,144.26,145.65
2018-10-12,148.07,146.46,139.17,141.72
2018-10-15,142.71,146.68,142.3,144.71
2018-10-16,147.6,149.29,142.85,150.51
2018-10-17,138.91,141.35,135.78,134.56
2018-10-18,133.4,135.2,132.13,134.72
2018-10-19,132.06,134.06,131.71,134.6
2018-10-22,135.59,134.4,134.1,134.46
2018-10-23,131.88,138.3,130.14,135.64
2018-10-24,134.15,135.14,127,129.03
2018-10-25,132.21,131.45,130.61,127.62
2018-10-26,127.6,128.56,126.25,129.62
2018-10-29,123.9,129.09,118.8,121.02
2018-10-30,125.86,123.6,115.26,121
2018-10-31,120.71,118.6,116.85,117.05
2018-11-01,120,122,119.95,120.26
2018-11-02,122.03,119.97,115.6,116.2
2018-11-05,119.5,121.16,119,123.68
2018-11-06,123.8,129.48,122.77,124.55
2018-11-07,128.75,127.03,125.16,130.65
2018-11-08,126.95,125.3,123.06,123.48
2018-11-09,129.2,127.21,126.52,124.26
2018-11-12,123.7,128.05,124.31,126.7
2018-11-13,124.83,124.56,124.7,126.84
2018-11-14,121.91,123.37,123.39,120.7
2018-11-15,121.32,126.72,123.83,123.88
2018-11-16,125.12,122.58,126.44,124.36
2018-11-19,123.69,127.86,123.05,125.49
2018-11-20,123.27,123.65,117.8,122.6
2018-11-21,120.7,122.35,120.88,124.06
2018-11-23,119.61,121.22,119.08,120.18
2018-11-26,120.65,122.25,120.67,122.16
2018-11-27,118.92,120.32,118.79,121.12
2018-11-28,126.64,124.17,122.91,128
2018-11-29,124.22,124.48,126.8,122.94
2018-11-30,122.37,125.67,124.85,129.61
2018-12-03,127.72,132.71,126.13,126.92
2018-12-04,130.46,129.15,126.44,126.3
2018-12-06,124.97,129.47,121.7,127.8
2018-12-07,128.8,125.67,120.55,123.45
2018-12-10,125.28,124.51,122.94,126.25
2018-12-11,129.06,127.26,121,125.77
2018-12-12,126.75,125.62,123,121.99
2018-12-13,125.7,127.51,121.16,123.71
2018-12-14,121.1,121.47,123.91,121.6
2018-12-17,121.54,123.31,118.99,116.8
2018-12-18,119.8,121.94,121.33,122.02
2018-12-19,122.98,123.13,118.51,119.73
2018-12-20,116.3,119.04,114.2,118
2018-12-21,117.2,120.46,112.38,112.04
2018-12-24,112.6,116,111.1,107.73
2018-12-26,109,116.36,108.64,112.85
2018-12-27,111.42,114.07,110.79,117.22
2018-12-28,116.62,120.2,112.7,114.14
2018-12-31,114.37,118.39,115.78,116.49
2019-01-02,116.12,119.38,112.11,116.88
2019-01-03,119.87,119.65,115.92,115.2
2019-01-04,120.46,121.15,116.71,120.56
2019-01-07,123.1,122.04,118.58,119.23
2019-01-08,122.51,124.62,120.74,120.68
2019-01-09,126.68,125,121.67,121.76
2019-01-10,124.87,123.29,122.97,126.26
2019-01-11,127,125.27,122.5,124.51
2019-01-14,121.23,122.22,122.38,125.92
2019-01-15,126.75,124.58,125.52,125.82
2019-01-16,127.08,124,121.53,121.79
2019-01-17,122.14,125.02,126.09,122.7
2019-01-18,123.55,126.82,123.05,126.87
2019-01-22,125.6,128.1,122.76,126.23
2019-01-23,134.91,136,136.53,135.59
2019-01-24,135.69,138.05,137.99,137.49
2019-01-25,138.46,136.03,138.8,137.58
2019-01-28,137.4,141.38,132.95,136.72
2019-01-29,136.62,135.55,136.1,138.1
2019-01-30,137,138.08,133.57,136.72
2019-01-31,136.56,137.96,138.6,137.2
2019-02-01,141.24,141.7,135.66,134.5
2019-02-04,136.37,139.7,133.86,139.15
2019-02-05,136.7,141.05,141.46,136.68
2019-02-06,139.86,138.37,139.24,139.95
2019-02-07,134.81,138.28,137.69,133.89
2019-02-08,137.87,134.42,137.71,134.46
2019-02-11,140.29,138.32,135.84,139.57
2019-02-12,139.96,138.6,137.98,137.13
2019-02-13,139.04,140.42,140.93,138.87
2019-02-14,138.66,143.5,139.67,139.85
2019-02-15,144.31,139.43,138.92,140.7
2019-02-19,142.75,144.5,142.06,143.1
2019-02-20,144.6,145.96,138.93,139
2019-02-21,141.35,141.05,138.75,138.7
2019-02-22,145.14,139.42,143.51,145.81
2019-02-25,143,145.88,142.71,141.49
2019-02-26,145.48,145.56,143.02,142
2019-02-27,143.6,145.06,138.8,139.85
2019-02-28,142.8,141.94,138.38,143.35
2019-03-01,141.16,143.48,144.1,143.4
2019-03-04,140.51,141.63,142.48,138.44
2019-03-05,142.06,144.61,139.81,140.14
2019-03-06,142.09,139.74,138.32,137.28
2019-03-07,138.92,140.31,138.69,140.39
2019-03-08,138.58,139.59,134.36,137.41
2019-03-11,139.45,144.37,138.28,139.94
2019-03-12,145.36,144.2,141.42,142.81
2019-03-13,138.53,140.43,143.5,144.97
2019-03-14,142.66,143.73,141.77,139.56
2019-03-15,140.62,143.91,140.15,140.56
2019-03-18,141.56,142.54,141.29,142.24
2019-03-19,144.04,144.4,146,144.9
2019-03-20,144.79,147.4,140.25,146
2019-03-21,144.8,143.4,139.52,143.26
2019-03-22,145.23,146.54,144.4,144.79
2019-03-25,141.39,145.38,142.09,139.94
2019-03-26,144.97,145.14,140.02,143.7
2019-03-27,141.84,142.71,144,142.92
2019-03-28,145.51,141.23,145.3,143.26
2019-03-29,145,145.01,144.6,144.9
2019-04-01,146.86,146.61,146.18,146.2
2019-04-02,149.45,146.14,146.1,146
2019-04-03,150.02,145.92,147.1,145.53
2019-04-04,148.81,147.11,146.44,147.22
2019-04-05,150.24,144.5,143.34,148.51
2019-04-08,144.72,146.23,148.04,148.93
2019-04-09,145.5,143.83,145.44,142.8
2019-04-10,148.5,145.5,148.48,148.57
2019-04-11,147,148.39,143.75,147.19
2019-04-12,145.46,151.25,149.4,146.88
2019-04-15,151.4,146.89,143.61,144.4
2019-04-16,149.7,152.01,149.05,148.24
2019-04-17,139.26,142.84,136.95,142.24
2019-04-18,141,146.6,140.4,141.06
2019-04-22,145.02,141.44,141.07,140.07
2019-04-23,139.6,141.09,140.76,143.57
2019-04-24,141.9,144.6,144.86,141.04
2019-04-25,142.1,140.97,142.24,140.3
2019-04-26,139.93,146.4,140.24,146.37
2019-04-29,139.17,141.14,145.4,145.03
2019-04-30,140.51,142.96,141.74,140.37
2019-05-01,142.79,145.95,141.27,145.18
2019-05-02,145.4,142.84,141.67,139.87
2019-05-03,144.8,144,145.25,146.82
2019-05-06,139.6,146.03,144.4,145.41
2019-05-07,139.31,140.91,140.66,142.06
2019-05-08,142.12,139.7,138.01,143
2019-05-09,141.46,136.98,133.53,135.42
2019-05-10,139.29,136.48,137.06,139.27
2019-05-13,134.56,138.04,134.99,135.03
2019-05-14,133.38,138.73,135.76,135.28
2019-05-15,138.95,135.71,135.99,134.4
2019-05-16,137.86,138.9,135.66,138.93
2019-05-17,139.67,138.98,137.98,136.49
2019-05-20,137.72,137.19,136.99,136.76
2019-05-21,136.56,139.62,139.18,138.19
2019-05-22,140,137.36,139.36,142.68
2019-05-23,136.62,139.53,135.44,135.44
2019-05-24,137.45,137.92,135.22,132.71
2019-05-28,137.31,133.84,136.12,132.81
2019-05-29,133,133.54,132.71,135.34
2019-05-30,135.68,133.78,132.18,131.75
2019-05-31,128.45,134.8,131.04,129.48
2019-06-03,129.4,131.48,133.31,130.2
2019-06-04,132.67,137.68,130.3,133.78
2019-06-05,135.67,138.37,136.16,135.65
2019-06-06,136.07,136.68,134.4,137.09
2019-06-07,134.13,139.93,133.15,137.82
2019-06-10,138.39,137.93,136.47,136.69
2019-06-11,139.64,141.5,136.05,141.97
2019-06-12,139.18,136.77,140.08,138.13
2019-06-13,136.55,142.27,141.11,136.53
2019-06-14,138.64,140.08,140.91,140.92
2019-06-17,142.12,141.9,138.5,136.94
2019-06-18,139.7,139.8,141.3,140.51
2019-06-19,141.04,144.02,140.35,142.45
2019-06-20,139.39,140.84,138.9,144.9
2019-06-21,140.45,141.38,144.2,143.1
2019-06-24,142.7,143.28,139.99,141.47
2019-06-25,142,141.45,143.19,143.33
2019-06-26,139.63,139.88,138.97,143.93
2019-06-27,140.27,144.9,138.37,138.99
2019-06-28,139.52,141.43,144.47,140
2019-07-01,144,145.26,140.24,145.15
2019-07-02,146.15,147.17,142.71,142.12
2019-07-03,145.57,146.77,146.31,146.35
2019-07-05,147.31,148.21,145.98,144.41
2019-07-08,142.41,148.26,143.69,145.51
2019-07-09,145.33,141.6,143.09,145.69
2019-07-10,146,148.31,142.63,146.82
2019-07-11,140.81,141.59,144.7,145.35
2019-07-12,142.8,144.4,144.33,148.46
2019-07-15,148.65,145.32,143.47,148.96
2019-07-16,148.28,149.41,148.16,144.92
2019-07-17,149.89,143.8,146.66,144.28
2019-07-18,144.2,154.9,144.5,150.25
2019-07-19,152.67,156.67,150.39,152.66
2019-07-22,155.34,155.12,155.1,151.86
2019-07-23,151.47,155.08,148.9,152.39
2019-07-24,151.78,154.06,152.5,153.62
2019-07-25,156,153.12,153.59,152.27
2019-07-26,155,156.15,153.5,154.24
2019-07-29,154.42,158.02,152.32,152.66
2019-07-30,152,154,153.72,155.87
2019-07-31,153.4,157.34,150.8,151.91
2019-08-01,156.2,154.25,152,151.38
2019-08-02,152.93,159.12,149.02,152.44
2019-08-05,148.05,145.5,143.5,141.41
2019-08-06,144.69,144.62,142.3,142.23
2019-08-07,141.53,143.21,141.64,145.46
2019-08-08,139.53,146.63,139.02,145.2
2019-08-09,143.96,146.02,135.6,138.79
2019-08-12,140.23,142.06,138.29,140.66
2019-08-13,136.2,137.8,137.86,140.78
2019-08-14,138.97,140.1,133.43,135.34
2019-08-15,134.1,134.57,131.86,135.98
2019-08-16,135.44,138.58,134.26,139.47
2019-08-19,139.2,138.71,138.87,138.38
2019-08-20,139.16,139.92,139.34,137
2019-08-21,139.71,141.97,135.6,136.37
2019-08-22,138.99,139.92,137.18,134.7
2019-08-23,137.95,138.4,133.9,130.76
2019-08-26,132.8,133.9,130.94,134.55
2019-08-27,136.4,131.9,134.37,134.51
2019-08-28,131.51,136.19,132.65,133.19
2019-08-29,135.04,139.63,134.88,135.41
2019-08-30,137.66,137.51,136.81,141.62
2019-09-03,138.7,140.5,133.63,138.9
2019-09-04,141.91,137.21,138.18,140.2
2019-09-05,141,142.1,141.48,147.57
2019-09-06,141.68,146.85,144.73,144.23
2019-09-09,141.09,146.46,140.74,146.5
2019-09-10,147,150.61,144.19,150.6
2019-09-11,151.54,150.54,146.15,146.1
2019-09-12,144.21,150.01,145.63,147.08
2019-09-13,149.44,146.2,144.45,144.08
2019-09-16,148.32,147.13,145.68,143.65
2019-09-17,144.88,145.72,143.42,145.5
2019-09-18,143.65,142.6,143.03,143.65
2019-09-19,147.88,148.55,145.59,147.41
2019-09-20,146.13,145.54,142.45,144.01
2019-09-23,147.56,146.21,140.92,147.29
2019-09-24,143.9,142.96,145.36,145.46
2019-09-25,146.3,149.23,143.31,146.03
2019-09-26,146.22,149.37,146.25,148.22
2019-09-27,145.45,150.02,147.03,145.46
2019-09-30,147.7,148.78,150.16,147.13
2019-10-01,147.97,148.98,146.24,148.73
2019-10-02,145.45,146.14,142.58,145.88
2019-10-03,147.21,143.87,143.33,142.68
2019-10-04,146.1,148.65,146.02,146.3
2019-10-07,144.11,148.7,148.07,145.97
2019-10-08,140.31,142.59,141.73,144.15
2019-10-09,142.93,141.93,139.29,140.9
2019-10-10,141.11,143,143.96,144.32
2019-10-11,148.52,148.2,147.12,149.57
2019-10-14,144.93,148.32,143.42,149.01
2019-10-15,145.94,150.05,146.39,145
2019-10-16,143.92,147.07,146.01,143
2019-10-17,137,139,133,140.92
2019-10-18,137.36,137.85,136.15,140.06
2019-10-21,137.05,137.3,133.6,137.1
2019-10-22,133.19,135.84,135.65,135.08
2019-10-23,133.96,139.94,137.6,137.02
2019-10-24,136.84,138.95,133.5,139.83
2019-10-25,134.99,138.57,136.4,139.53
2019-10-28,138,140.08,141.13,140.61
2019-10-29,141.19,140.83,134.9,137.31
2019-10-30,137.97,137.44,133.4,137.04
2019-10-31,136.51,138.24,134.62,134.35
2019-11-01,137.2,142.26,139.15,139.41
2019-11-04,141.98,140.58,140.53,141.35
2019-11-05,142,138.93,144.32,142.4
2019-11-06,143,144.43,143.29,145.25
2019-11-07,141.01,140.09,141.41,140.74
2019-11-08,141.82,138.47,142.61,142.15
2019-11-11,141.6,139.3,137,138.82
2019-11-12,138.86,140.67,140.95,141.76
2019-11-13,137.62,138.52,138.89,139.86
2019-11-14,138.13,135.33,138.05,139
2019-11-15,135.52,141.43,134.68,140.7
2019-11-18,135.4,139.85,138.97,136.55
2019-11-19,139.53,138.22,136.15,140.33
2019-11-20,134.36,135.98,134.23,134.6
2019-11-21,136.1,136.53,134.17,134.64
2019-11-22,135.92,137.47,136.5,137.87
2019-11-25,140.31,137,137.13,138.57
2019-11-26,142.74,136.91,140.84,137.53
2019-11-27,137.24,139.77,137.56,133.84
2019-11-29,139.5,136.71,135.01,139.4
2019-12-02,138.7,138.1,136.77,138.45
2019-12-03,137,138.21,131.97,137.46
2019-12-04,134.34,138.91,135.98,132.24
2019-12-05,139.59,135.37,134.88,134.52
2019-12-06,137.57,139.73,137.3,136.96
2019-12-09,136.98,139.16,134.7,136.73
2019-12-10,138.52,135.84,135.62,137.24
2019-12-11,135.39,140.92,134.9,139.28
2019-12-12,139.9,140.46,137.43,141.92
2019-12-13,135.58,137.5,135.86,134.73
2019-12-16,138.97,141.7,137.29,134.81
2019-12-17,134.49,139.93,138.09,139.72
2019-12-18,140.52,136,134.68,134.65
2019-12-19,137.01,140,136.71,138.06
2019-12-20,139.86,137.17,139.77,138.36
2019-12-23,141.49,141.63,140,137.96
2019-12-24,136.75,137.48,138.48,136.8
2019-12-26,137.63,140.09,140.09,137.92
2019-12-27,137,135.8,136.83,141.91
2019-12-30,140.4,138.6,138.4,135.79
2019-12-31,138.31,135.49,138.9,135.5
2020-01-02,140,139.16,138.37,136.99
2020-01-03,140.21,136.81,139.37,135.56
2020-01-06,138.93,135.59,139.6,138.7
2020-01-07,140.11,136.28,134,137.65
2020-01-08,134.88,139.59,137.7,137.51
2020-01-09,139.73,139.86,137.35,139.34
2020-01-10,142,140.84,138.67,141.58
2020-01-13,136.37,137.38,140.95,137.6
2020-01-14,140.81,143.57,142,136.52
2020-01-15,138,138.43,136.3,142.1
2020-01-16,142.93,143.13,137.34,142.45
2020-01-17,136.6,144.55,142.93,140.05
2020-01-21,142.32,141.9,142.5,140.32
2020-01-22,147.65,151.54,143.45,149.29
2020-01-23,144.5,146.22,149.21,144.17
2020-01-24,150.5,143.95,142.37,144.13
2020-01-27,141,140.92,143.4,145.51
2020-01-28,140.3,142.43,143.96,141.86
2020-01-29,140.43,145.69,141.6,140.96
2020-01-30,139.11,141.23,135.92,143.44
2020-01-31,147.3,144.26,143.09,150.79
2020-02-03,147.66,149.68,145.1,152.44
2020-02-04,151.54,153.22,152.68,153.86
2020-02-05,151.94,158.23,154.6,160.37
2020-02-06,163.49,163.6,162.87,164.05
2020-02-07,155.62,160.04,154.65,154.83
2020-02-10,158.67,159.1,153.17,155.25
2020-02-11,159.22,161.66,156.78,155.22
2020-02-12,157.36,156.1,156.34,162.54
2020-02-13,159.72,156.64,153.59,156.04
2020-02-14,158.04,158.97,157.1,153.8
2020-02-18,152.66,152.71,155.65,157.9
2020-02-19,154.68,158.01,153.89,157.34
2020-02-20,155.14,154.35,151.83,154.34
2020-02-21,151.88,151.76,152.34,156.45
2020-02-24,145.79,154.11,146.32,150.33
2020-02-25,153.35,153.66,147.49,148.35
2020-02-26,144.7,150.77,139.7,146.01
2020-02-27,143.83,145.03,136.09,136.01
2020-02-28,132.18,131.26,126.45,134.12
2020-03-02,131.62,138.66,131.87,138.4
2020-03-03,135,137,133.3,133.8
2020-03-04,133.69,135.9,131,137.38
2020-03-05,136.3,132.65,131.57,133.01
2020-03-06,133,132.57,126.2,133.92
2020-03-09,120.99,122.68,118.4,117.93
2020-03-10,127.13,125.31,120.96,127.91
2020-03-11,125.21,128.2,121.7,118.47
2020-03-12,110.03,110.5,103.87,107.32
2020-03-13,110.89,111.14,101.66,109.73
2020-03-13,111.09,112.09,102.87,111.81
2020-03-13,112.93,113.42,105.35,113.18
2020-03-16,99,111.13,99,101.16
2020-03-17,102.61,110.8,101.9,108.11
